{
    "led_brightness": 70,
    "led_speed": 100,
    "led_effekte": true,
    "led_matrix": true,
    "engine_speed": 100,
    "sound": 100,
    "data_view": true,
    "temperature": 25,
    "gyroscope_drift": {
        "x": -1.811870296643582,
        "y": -0.7691040708674747,
        "z": -2.458849649016045
    }
}