{
    "led_brightness": 70,
    "led_speed": 100,
    "led_effekte": true,
    "led_matrix": true,
    "engine_speed": 100,
    "sound": 100,
    "data_view": true,
    "temperature": 25,
    "gyroscope_drift": {
        "x": -1.7154548741594147,
        "y": -0.5966883540219111,
        "z": -2.9289568920481908
    }
}