{
    "led_brightness": 70,
    "led_speed": 100,
    "led_effekte": true,
    "led_matrix": true,
    "engine_speed": 100,
    "sound": 100,
    "data_view": true,
    "temperature": 25,
    "gyroscope_drift": {
        "x": -1.8048512004520765,
        "y": -0.6028144928750687,
        "z": -3.0032326810561916
    }
}